Timestamp,Image Path,Source,Generated Content
2025-01-19 06:32:47,temp_image.jpg,URL,"**Analysis of Cadbury 5 Star Ad**

* **Hook:** The ad uses a surprising and humorous hook: ""Do Nothing."" This is counterintuitive to typical advertising that encourages action. It plays on the idea of indulgence and escapism, suggesting the candy bar is so good it allows you to simply relax and enjoy.

* **CTA:** The CTA is simple and direct: ""Eat 5 Star."" It's paired with the hook, creating a memorable and slightly rebellious message.

* **Content Format:** The ad uses a visually appealing image of the candy bar being pulled apart, revealing the caramel filling. This creates a sense of desire and highlights the product's texture. The bright, bold colors and large text further enhance the ad's impact.

* **Overall Strategy:** The ad targets a younger audience who values enjoyment and relaxation. It uses humor and a unique message to stand out from competitors.  The focus is less on the product's specific features and more on the feeling it evokes.

**Actionable Insights and Suggestions for Marketers:**

* **Unexpected Hooks:** Consider using unconventional hooks that challenge expectations and pique interest.  Think about what your target audience finds funny, relatable, or intriguing.

* **Simple CTAs:** Keep your CTAs concise and action-oriented. While ""Eat 5 Star"" works here due to the overall concept, generally a more specific CTA is beneficial (e.g., ""Buy Now,"" ""Learn More"").

* **Visual Storytelling:**  Use high-quality images or videos to showcase your product in a visually appealing way. Highlight the sensory experience (texture, taste, etc.).

* **Emotional Connection:** Focus on the feeling or experience your product provides, rather than just listing features. Tap into your audience's desires and aspirations.

* **User-Centric Approach:** Consider how your ad will resonate with your specific target audience.  What are their values, interests, and pain points?

* **Testing and Iteration:**  Experiment with different hooks, CTAs, and visuals to find what works best. Analyze your ad performance and make adjustments based on the data.

**Applying these insights to similar products:**

Let's say you're marketing a competing chocolate bar. You could:

* **Hook:** ""Unwind with [Your Chocolate Bar]. Your moment of bliss.""  This taps into the relaxation theme but focuses on a more positive framing.
* **CTA:** ""Find Your Bliss - Shop Now"" This adds specificity to the action.
* **Content Format:** A video showing someone enjoying the chocolate bar in a relaxing setting (e.g., by a fireplace, in a hammock).
* **Overall Strategy:** Target a similar audience but emphasize the idea of a mindful, enjoyable break.


By analyzing successful campaigns like the 5 Star ad, marketers can gain valuable insights and develop more effective, user-centric strategies for their own products.
"
2025-01-19 06:36:57,temp_image.jpg,URL,"This boAt ad uses several effective strategies:

**Hooks:**

* **Visual Hook:** The immediate juxtaposition of an apple (clearly referencing Apple products) with boAt earbuds creates instant intrigue. It sets up a comparison and challenges the viewer's assumptions.
* **Textual Hook:**  ""Think Different Better"" directly leverages Apple's iconic ""Think Different"" slogan, turning it into a challenge.  Crossing out ""Different"" emphasizes that ""Better"" is the real differentiator.

**CTA:**

* **Implicit CTA:** While not a direct ""Shop Now"" button, the message ""Don't be a Fanboy, be a boAthead"" strongly encourages brand affiliation and implies choosing boAt over the competition (Apple).  It aims to create a sense of community and belonging.

**Content Format:**

* **Simple & Bold:** The ad uses a stark black background, making the red apple and teal earbuds visually pop. This minimalist approach ensures the message is clear and easy to digest.
* **Comparison-Based:** The ad subtly but powerfully compares itself to a market leader (Apple) without directly mentioning the competitor's name.  This allows them to position themselves as a superior alternative.


**Actionable Insights & Suggestions for Marketers:**

* **Leverage Competitor Recognition:** This ad shows how to cleverly use a competitor's well-known branding or slogans to your advantage.  Study your competitor's messaging and identify opportunities to create a contrasting narrative.
* **Focus on a Key Differentiator:**  Instead of listing multiple features, boAt focuses on ""Better.""  Choose one strong selling point and highlight it consistently in your messaging.  What makes your product truly superior?
* **Craft Compelling CTAs:** Even without a direct sales push,  boAt creates a sense of urgency and belonging with its ""boAthead"" CTA. Think beyond ""Shop Now"" and explore CTAs that build community or encourage immediate engagement.
* **Embrace Visual Storytelling:**  The simple visual of the apple and earbuds tells a story without needing extensive text.  Use strong visuals that quickly communicate your message and capture attention.
* **Test and Iterate:** Monitor the performance of your ads closely.  Experiment with different hooks, CTAs, and visuals to identify what resonates best with your target audience.


**User-Centric Considerations:**

* **Understand Your Audience's Values:**  This ad targets users who value quality and are potentially skeptical of ""fanboy"" culture.  Tailor your messaging to align with the values and pain points of your target demographic.
* **Keep it Concise and Clear:**  Users have short attention spans. Deliver your message quickly and effectively.  Avoid jargon and complex language.
* **Mobile Optimization:** Ensure your ads are optimized for mobile viewing, as many users will see them on their smartphones.

By incorporating these strategies, marketers can create more effective and user-centric ads that cut through the noise and drive results.
"
2025-01-19 06:44:40,temp_uploaded_image.jpg,Upload,Error processing image: [Errno 2] No such file or directory: 'temp_uploaded_image.jpg'
2025-01-19 06:48:21,C:\Users\Harsh\Music\ADIntel\media\temp_uploaded_image_79lDpvZ.jpg,Upload,"The Hero MotoCorp ad for the Passion Pro motorcycle uses several effective strategies:

**Hooks:**

* **Festive Theme:** The ad leverages the Diwali festival, a major purchasing occasion in India, to connect with the target audience.  The visuals of lanterns and the tagline ""Celebrate Diwali with your style"" tie the product to the festive spirit.
* **Savings and Offers:**  The ad highlights a special discount for government employees and a low interest rate of 6.99%, appealing to price-sensitive consumers.
* **i3S Technology:** The ad emphasizes the fuel-saving i3S technology as a key feature, aligning with the consumer need for efficiency.

**CTAs:**

* Implicit: The festive theme and the tagline encourage purchase during Diwali.
* **Visit a Dealership:** While not explicit, the extensive list of dealerships at the bottom implicitly encourages potential buyers to visit their nearest store.

**Content Format:**

* **Visual Appeal:**  The ad uses vibrant colors, particularly red and gold, associated with festivity and auspiciousness in Indian culture. The motorcycle is prominently displayed.
* **Multilingual:**  The ad is primarily in Marathi, catering to a regional audience, but includes English branding and technical details, expanding its reach.
* **Detailed Information:** While focusing on the festive offer, the ad also provides key features, warranty details, and contact information.


**Actionable Insights and Suggestions for Marketers:**

* **User-Centric Approach:** The ad effectively targets a specific audience (Marathi speakers, price-conscious consumers) and addresses their needs (fuel efficiency, festive offers).  Marketers should identify their target audience and tailor messaging accordingly.
* **Emotional Connection:**  The Diwali theme taps into the emotions of celebration and aspiration. Marketers can leverage cultural events and festivals to build stronger connections with their audience.
* **Clear Value Proposition:**  The ad clearly highlights the benefits of the Passion Pro:  fuel efficiency, affordability, and stylish design.  Marketers should ensure their ads clearly communicate the value proposition of their product or service.
* **Strong Visuals:**  The use of color, imagery, and product placement makes the ad visually appealing. Marketers should prioritize high-quality visuals that capture attention and convey the brand message effectively.
* **Call to Action:** While this ad relies on an implicit CTA, a more explicit call to action (e.g., ""Visit your nearest dealer today,"" ""Book a test ride,"" or a website URL) would strengthen the ad's effectiveness.


By analyzing and adapting these strategies, marketers can create more compelling and user-centric ads that resonate with their target audience and drive conversions.
"
